交易 #,类型,日期和时间,信号,价格 USDT,大小（数量）,大小（价值）,净损益 USDT,净损益 %,有利波动 USDT,有利波动 %,不利波动 USDT,不利波动 %,累计P&L USDT,累计P&L %
1,空头出场,2025-10-31 19:30,long,3874.01,0.5004,1999.908648,61.35,3.07,158.44,7.92,-16.41,-0.82,61.35,0.01
1,空头进场,2025-10-29 17:00,short,3996.62,0.5004,1999.908648,61.35,3.07,158.44,7.92,-16.41,-0.82,61.35,0.01
2,多头出场,2025-10-31 20:30,short,3836.18,0.5162,1999.763962,-19.53,-0.98,7.22,0.36,-20.38,-1.02,41.83,0.00
2,多头进场,2025-10-31 19:30,long,3874.01,0.5162,1999.763962,-19.53,-0.98,7.22,0.36,-20.38,-1.02,41.83,0.00
3,空头出场,2025-10-31 21:30,long,3860.44,0.5213,1999.800634,-12.65,-0.63,2.21,0.11,-19.9,-1.00,29.18,0.00
3,空头进场,2025-10-31 20:30,short,3836.18,0.5213,1999.800634,-12.65,-0.63,2.21,0.11,-19.9,-1.00,29.18,0.00
4,多头出场,2025-11-02 05:30,short,3867.68,0.518,1999.70792,3.75,0.19,25.36,1.27,-28.85,-1.44,32.93,0.00
4,多头进场,2025-10-31 21:30,long,3860.44,0.518,1999.70792,3.75,0.19,25.36,1.27,-28.85,-1.44,32.93,0.00
5,空头出场,2025-11-02 10:00,long,3875.28,0.5171,1999.977328,-3.93,-0.20,3.09,0.15,-5.2,-0.26,29,0.00
5,空头进场,2025-11-02 05:30,short,3867.68,0.5171,1999.977328,-3.93,-0.20,3.09,0.15,-5.2,-0.26,29,0.00
6,多头出场,2025-11-03 09:00,short,3848.51,0.516,1999.64448,-13.81,-0.69,22.16,1.11,-18.66,-0.93,15.19,0.00
6,多头进场,2025-11-02 10:00,long,3875.28,0.516,1999.64448,-13.81,-0.69,22.16,1.11,-18.66,-0.93,15.19,0.00
7,空头出场,2025-11-06 11:00,long,3432.12,0.5196,1999.685796,216.36,10.82,411.27,20.57,-2.11,-0.11,231.54,0.02
7,空头进场,2025-11-03 09:00,short,3848.51,0.5196,1999.685796,216.36,10.82,411.27,20.57,-2.11,-0.11,231.54,0.02
8,多头出场,2025-11-06 13:30,short,3388.39,0.5827,1999.896324,-25.48,-1.27,14.18,0.71,-34.86,-1.74,206.06,0.02
8,多头进场,2025-11-06 11:00,long,3432.12,0.5827,1999.896324,-25.48,-1.27,14.18,0.71,-34.86,-1.74,206.06,0.02
9,空头出场,2025-11-07 15:30,long,3358.42,0.5902,1999.827778,17.69,0.88,84.36,4.22,-15.71,-0.79,223.75,0.02
9,空头进场,2025-11-06 13:30,short,3388.39,0.5902,1999.827778,17.69,0.88,84.36,4.22,-15.71,-0.79,223.75,0.02
10,多头出场,2025-11-09 08:00,short,3377.02,0.5955,1999.93911,11.08,0.55,77.16,3.86,-97.79,-4.89,234.83,0.02
10,多头进场,2025-11-07 15:30,long,3358.42,0.5955,1999.93911,11.08,0.55,77.16,3.86,-97.79,-4.89,234.83,0.02
11,空头出场,2025-11-09 09:30,long,3400.92,0.5922,1999.871244,-14.15,-0.71,0.09,0.00,-15.96,-0.80,220.67,0.02
11,空头进场,2025-11-09 08:00,short,3377.02,0.5922,1999.871244,-14.15,-0.71,0.09,0.00,-15.96,-0.80,220.67,0.02
12,多头出场,2025-11-09 10:30,short,3368.11,0.588,1999.74096,-19.29,-0.96,0,0.00,-21.3,-1.07,201.38,0.02
12,多头进场,2025-11-09 09:30,long,3400.92,0.588,1999.74096,-19.29,-0.96,0,0.00,-21.3,-1.07,201.38,0.02
13,空头出场,2025-11-09 13:00,long,3407.22,0.5938,1999.983718,-23.22,-1.16,5.61,0.28,-24.38,-1.22,178.16,0.02
13,空头进场,2025-11-09 10:30,short,3368.11,0.5938,1999.983718,-23.22,-1.16,5.61,0.28,-24.38,-1.22,178.16,0.02
14,多头出场,2025-11-09 18:00,short,3395.5,0.5869,1999.697418,-6.88,-0.34,16.38,0.82,-14.6,-0.73,171.28,0.02
14,多头进场,2025-11-09 13:00,long,3407.22,0.5869,1999.697418,-6.88,-0.34,16.38,0.82,-14.6,-0.73,171.28,0.02
15,空头出场,2025-11-09 19:30,long,3428.37,0.589,1999.9495,-19.36,-0.97,6.21,0.31,-21.98,-1.10,151.92,0.02
15,空头进场,2025-11-09 18:00,short,3395.5,0.589,1999.9495,-19.36,-0.97,6.21,0.31,-21.98,-1.10,151.92,0.02
16,多头出场,2025-11-11 02:30,short,3532.89,0.5833,1999.768221,60.97,3.05,134.51,6.73,-2.18,-0.11,212.88,0.02
16,多头进场,2025-11-09 19:30,long,3428.37,0.5833,1999.768221,60.97,3.05,134.51,6.73,-2.18,-0.11,212.88,0.02
17,空头出场,2025-11-11 17:00,long,3578,0.5661,1999.969029,-25.54,-1.28,2.07,0.10,-65.32,-3.27,187.35,0.02
17,空头进场,2025-11-11 02:30,short,3532.89,0.5661,1999.969029,-25.54,-1.28,2.07,0.10,-65.32,-3.27,187.35,0.02
18,多头出场,2025-11-11 20:30,short,3540.37,0.5589,1999.7442,-21.03,-1.05,9.13,0.46,-21.84,-1.09,166.32,0.02
18,多头进场,2025-11-11 17:00,long,3578,0.5589,1999.7442,-21.03,-1.05,9.13,0.46,-21.84,-1.09,166.32,0.02
19,空头出场,2025-11-16 10:00,long,3178,0.5649,1999.955013,204.7,10.24,265.71,13.29,-27.01,-1.35,371.02,0.04
19,空头进场,2025-11-11 20:30,short,3540.37,0.5649,1999.955013,204.7,10.24,265.71,13.29,-27.01,-1.35,371.02,0.04
20,多头出场,2025-11-16 19:00,short,3173.29,0.6293,1999.9154,-2.96,-0.15,44.68,2.23,-6.65,-0.33,368.05,0.04
20,多头进场,2025-11-16 10:00,long,3178,0.6293,1999.9154,-2.96,-0.15,44.68,2.23,-6.65,-0.33,368.05,0.04
21,空头出场,2025-11-18 23:00,long,3109.23,0.6302,1999.807358,40.37,2.02,142.89,7.14,-31.57,-1.58,408.43,0.04
21,空头进场,2025-11-16 19:00,short,3173.29,0.6302,1999.807358,40.37,2.02,142.89,7.14,-31.57,-1.58,408.43,0.04
22,多头出场,2025-11-19 21:30,short,3067.36,0.6432,1999.856736,-26.93,-1.35,39.06,1.95,-75.25,-3.76,381.49,0.04
22,多头进场,2025-11-18 23:00,long,3109.23,0.6432,1999.856736,-26.93,-1.35,39.06,1.95,-75.25,-3.76,381.49,0.04
23,空头出场,2025-11-20 12:30,long,3054.01,0.652,1999.91872,8.7,0.44,126.31,6.32,-25.32,-1.27,390.2,0.04
23,空头进场,2025-11-19 21:30,short,3067.36,0.652,1999.91872,8.7,0.44,126.31,6.32,-25.32,-1.27,390.2,0.04
24,多头出场,2025-11-20 21:30,short,2999.81,0.6548,1999.765748,-35.49,-1.77,6.29,0.31,-39.35,-1.97,354.71,0.04
24,多头进场,2025-11-20 12:30,long,3054.01,0.6548,1999.765748,-35.49,-1.77,6.29,0.31,-39.35,-1.97,354.71,0.04
25,空头出场,2025-11-23 06:00,long,2759.38,0.6667,1999.973327,160.29,8.01,250.84,12.54,-15.26,-0.76,515,0.05
25,空头进场,2025-11-20 21:30,short,2999.81,0.6667,1999.973327,160.29,8.01,250.84,12.54,-15.26,-0.76,515,0.05
26,多头出场,2025-11-24 07:00,short,2806.2,0.7248,1999.998624,33.94,1.70,71.6,3.58,-1.38,-0.07,548.94,0.05
26,多头进场,2025-11-23 06:00,long,2759.38,0.7248,1999.998624,33.94,1.70,71.6,3.58,-1.38,-0.07,548.94,0.05
27,空头出场,2025-11-24 10:00,long,2853.71,0.7127,1999.97874,-33.86,-1.69,30.79,1.54,-43.66,-2.18,515.08,0.05
27,空头进场,2025-11-24 07:00,short,2806.2,0.7127,1999.97874,-33.86,-1.69,30.79,1.54,-43.66,-2.18,515.08,0.05
28,多头出场,2025-11-25 22:30,short,2881.32,0.7008,1999.879968,19.35,0.97,93.41,4.67,-48.12,-2.41,534.43,0.05
28,多头进场,2025-11-24 10:00,long,2853.71,0.7008,1999.879968,19.35,0.97,93.41,4.67,-48.12,-2.41,534.43,0.05
29,空头出场,2025-11-26 00:00,long,2929.87,0.6941,1999.924212,-33.7,-1.68,16.66,0.83,-33.71,-1.69,500.73,0.05
29,空头进场,2025-11-25 22:30,short,2881.32,0.6941,1999.924212,-33.7,-1.68,16.66,0.83,-33.71,-1.69,500.73,0.05
30,多头出场,2025-11-26 03:00,short,2885.23,0.6826,1999.929262,-30.47,-1.52,19.56,0.98,-39.44,-1.97,470.26,0.05
30,多头进场,2025-11-26 00:00,long,2929.87,0.6826,1999.929262,-30.47,-1.52,19.56,0.98,-39.44,-1.97,470.26,0.05
31,空头出场,2025-11-26 04:00,long,2931.37,0.6931,1999.752913,-31.98,-1.60,1.89,0.09,-36.64,-1.83,438.28,0.04
31,空头进场,2025-11-26 03:00,short,2885.23,0.6931,1999.752913,-31.98,-1.60,1.89,0.09,-36.64,-1.83,438.28,0.04
32,多头出场,2025-11-28 06:30,short,3010.92,0.6822,1999.780614,54.27,2.71,95.51,4.78,-29.12,-1.46,492.55,0.05
32,多头进场,2025-11-26 04:00,long,2931.37,0.6822,1999.780614,54.27,2.71,95.51,4.78,-29.12,-1.46,492.55,0.05
33,空头出场,2025-11-28 12:00,long,3014.5,0.6642,1999.853064,-2.38,-0.12,11,0.55,-8.67,-0.43,490.17,0.05
33,空头进场,2025-11-28 06:30,short,3010.92,0.6642,1999.853064,-2.38,-0.12,11,0.55,-8.67,-0.43,490.17,0.05
34,多头出场,2025-11-28 15:30,short,3001.91,0.6634,1999.8193,-8.35,-0.42,9.58,0.48,-9.15,-0.46,481.82,0.05
34,多头进场,2025-11-28 12:00,long,3014.5,0.6634,1999.8193,-8.35,-0.42,9.58,0.48,-9.15,-0.46,481.82,0.05
35,空头出场,2025-11-28 16:00,long,3018.13,0.6662,1999.872442,-10.81,-0.54,0.21,0.01,-13.54,-0.68,471.01,0.05
35,空头进场,2025-11-28 15:30,short,3001.91,0.6662,1999.872442,-10.81,-0.54,0.21,0.01,-13.54,-0.68,471.01,0.05
36,多头出场,2025-11-29 00:00,short,3029.52,0.6626,1999.812938,7.55,0.38,53.58,2.68,-1.84,-0.09,478.56,0.05
36,多头进场,2025-11-28 16:00,long,3018.13,0.6626,1999.812938,7.55,0.38,53.58,2.68,-1.84,-0.09,478.56,0.05
37,空头出场,2025-11-29 03:30,long,3050,0.6601,1999.786152,-13.52,-0.68,12.08,0.60,-20.12,-1.01,465.04,0.05
37,空头进场,2025-11-29 00:00,short,3029.52,0.6601,1999.786152,-13.52,-0.68,12.08,0.60,-20.12,-1.01,465.04,0.05
38,多头出场,2025-11-29 05:30,short,3036.55,0.6557,1999.885,-8.82,-0.44,6.22,0.31,-9.15,-0.46,456.22,0.05
38,多头进场,2025-11-29 03:30,long,3050,0.6557,1999.885,-8.82,-0.44,6.22,0.31,-9.15,-0.46,456.22,0.05
39,空头出场,2025-11-29 09:30,long,3038.51,0.6586,1999.87183,-1.29,-0.06,10.52,0.53,-10.6,-0.53,454.93,0.05
39,空头进场,2025-11-29 05:30,short,3036.55,0.6586,1999.87183,-1.29,-0.06,10.52,0.53,-10.6,-0.53,454.93,0.05
40,多头出场,2025-11-29 10:00,short,3033.46,0.6582,1999.947282,-3.32,-0.17,1.16,0.06,-3.32,-0.17,451.61,0.05
40,多头进场,2025-11-29 09:30,long,3038.51,0.6582,1999.947282,-3.32,-0.17,1.16,0.06,-3.32,-0.17,451.61,0.05
41,空头出场,2025-11-29 12:30,long,3041.04,0.6593,1999.960178,-5,-0.25,10.37,0.52,-8,-0.40,446.61,0.04
41,空头进场,2025-11-29 10:00,short,3033.46,0.6593,1999.960178,-5,-0.25,10.37,0.52,-8,-0.40,446.61,0.04
42,多头出场,2025-11-29 14:00,short,3014.72,0.6576,1999.787904,-17.31,-0.87,1.46,0.07,-17.79,-0.89,429.3,0.04
42,多头进场,2025-11-29 12:30,long,3041.04,0.6576,1999.787904,-17.31,-0.87,1.46,0.07,-17.79,-0.89,429.3,0.04
43,空头出场,2025-11-30 20:30,long,3025.99,0.6634,1999.965248,-7.48,-0.37,35.03,1.75,-12.48,-0.62,421.82,0.04
43,空头进场,2025-11-29 14:00,short,3014.72,0.6634,1999.965248,-7.48,-0.37,35.03,1.75,-12.48,-0.62,421.82,0.04
44,多头出场,2025-12-01 23:00,short,2770.42,0.6609,1999.876791,-168.91,-8.45,17.86,0.89,-171.15,-8.56,252.92,0.03
44,多头进场,2025-11-30 20:30,long,3025.99,0.6609,1999.876791,-168.91,-8.45,17.86,0.89,-171.15,-8.56,252.92,0.03
45,空头出场,2025-12-02 18:30,long,2823.13,0.7219,1999.966198,-38.05,-1.90,39.26,1.96,-46.26,-2.31,214.87,0.02
45,空头进场,2025-12-01 23:00,short,2770.42,0.7219,1999.966198,-38.05,-1.90,39.26,1.96,-46.26,-2.31,214.87,0.02
46,多头出场,2025-12-06 00:00,short,3061.5,0.7084,1999.905292,168.86,8.44,295.56,14.78,-4.73,-0.24,383.73,0.04
46,多头进场,2025-12-02 18:30,long,2823.13,0.7084,1999.905292,168.86,8.44,295.56,14.78,-4.73,-0.24,383.73,0.04
47,空头出场,2025-12-08 09:30,long,3098.25,0.6532,1999.7718,-24.01,-1.20,100.58,5.03,-57.81,-2.89,359.72,0.04
47,空头进场,2025-12-06 00:00,short,3061.5,0.6532,1999.7718,-24.01,-1.20,100.58,5.03,-57.81,-2.89,359.72,0.04
48,多头出场,2025-12-09 13:00,short,3105.31,0.6455,1999.920375,4.56,0.23,53.1,2.66,-14.76,-0.74,364.28,0.04
48,多头进场,2025-12-08 09:30,long,3098.25,0.6455,1999.920375,4.56,0.23,53.1,2.66,-14.76,-0.74,364.28,0.04
49,空头出场,2025-12-09 19:30,long,3118.35,0.644,1999.81964,-8.4,-0.42,7.93,0.40,-15.9,-0.80,355.88,0.04
49,空头进场,2025-12-09 13:00,short,3105.31,0.644,1999.81964,-8.4,-0.42,7.93,0.40,-15.9,-0.80,355.88,0.04
50,多头出场,2025-12-09 22:00,short,3111.86,0.6413,1999.797855,-4.16,-0.21,14.82,0.74,-10.38,-0.52,351.72,0.04
50,多头进场,2025-12-09 19:30,long,3118.35,0.6413,1999.797855,-4.16,-0.21,14.82,0.74,-10.38,-0.52,351.72,0.04
51,空头出场,2025-12-09 23:00,long,3155.34,0.6427,1999.992422,-27.94,-1.40,8.54,0.43,-36.36,-1.82,323.77,0.03
51,空头进场,2025-12-09 22:00,short,3111.86,0.6427,1999.992422,-27.94,-1.40,8.54,0.43,-36.36,-1.82,323.77,0.03
52,多头出场,2025-12-11 22:30,short,3159.76,0.6338,1999.854492,2.8,0.14,185.13,9.26,-6.41,-0.32,326.58,0.03
52,多头进场,2025-12-09 23:00,long,3155.34,0.6338,1999.854492,2.8,0.14,185.13,9.26,-6.41,-0.32,326.58,0.03
53,空头出场,2025-12-12 10:00,long,3248.85,0.6329,1999.812104,-56.39,-2.82,3.01,0.15,-71.92,-3.60,270.19,0.03
53,空头进场,2025-12-11 22:30,short,3159.76,0.6329,1999.812104,-56.39,-2.82,3.01,0.15,-71.92,-3.60,270.19,0.03
54,多头出场,2025-12-13 20:00,short,3115.61,0.6156,1999.99206,-82.02,-4.10,10.25,0.51,-125.3,-6.26,188.17,0.02
54,多头进场,2025-12-12 10:00,long,3248.85,0.6156,1999.99206,-82.02,-4.10,10.25,0.51,-125.3,-6.26,188.17,0.02
55,空头出场,2025-12-14 16:00,long,3117.1,0.6419,1999.910059,-0.96,-0.05,23.5,1.18,-8.94,-0.45,187.21,0.02
55,空头进场,2025-12-13 20:00,short,3115.61,0.6419,1999.910059,-0.96,-0.05,23.5,1.18,-8.94,-0.45,187.21,0.02
56,多头出场,2025-12-14 16:30,short,3111.02,0.6416,1999.93136,-3.9,-0.20,1.8,0.09,-4.98,-0.25,183.31,0.02
56,多头进场,2025-12-14 16:00,long,3117.1,0.6416,1999.93136,-3.9,-0.20,1.8,0.09,-4.98,-0.25,183.31,0.02
57,空头出场,2025-12-17 09:00,long,2961.28,0.6428,1999.763656,96.25,4.81,151.07,7.55,-42.73,-2.14,279.56,0.03
57,空头进场,2025-12-14 16:30,short,3111.02,0.6428,1999.763656,96.25,4.81,151.07,7.55,-42.73,-2.14,279.56,0.03
58,多头出场,2025-12-17 09:30,short,2954.11,0.6753,1999.752384,-4.84,-0.24,3.68,0.18,-8.43,-0.42,274.72,0.03
58,多头进场,2025-12-17 09:00,long,2961.28,0.6753,1999.752384,-4.84,-0.24,3.68,0.18,-8.43,-0.42,274.72,0.03
59,空头出场,2025-12-20 03:30,long,2985.02,0.677,1999.93247,-20.93,-1.05,121.13,6.06,-52,-2.60,253.8,0.03
59,空头进场,2025-12-17 09:30,short,2954.11,0.677,1999.93247,-20.93,-1.05,121.13,6.06,-52,-2.60,253.8,0.03
60,多头出场,2025-12-21 06:00,short,2974.62,0.67,1999.9634,-6.97,-0.35,12.06,0.60,-13.97,-0.70,246.83,0.02
60,多头进场,2025-12-20 03:30,long,2985.02,0.67,1999.9634,-6.97,-0.35,12.06,0.60,-13.97,-0.70,246.83,0.02
61,空头出场,2025-12-21 08:00,long,2980.61,0.6723,1999.837026,-4.03,-0.20,1.19,0.06,-4.28,-0.21,242.8,0.02
61,空头进场,2025-12-21 06:00,short,2974.62,0.6723,1999.837026,-4.03,-0.20,1.19,0.06,-4.28,-0.21,242.8,0.02
62,多头出场,2025-12-21 09:00,short,2974.13,0.671,1999.98931,-4.35,-0.22,0.55,0.03,-5.11,-0.26,238.45,0.02
62,多头进场,2025-12-21 08:00,long,2980.61,0.671,1999.98931,-4.35,-0.22,0.55,0.03,-5.11,-0.26,238.45,0.02
63,空头出场,2025-12-21 12:00,long,2977.54,0.6724,1999.805012,-2.29,-0.11,8.55,0.43,-2.6,-0.13,236.16,0.02
63,空头进场,2025-12-21 09:00,short,2974.13,0.6724,1999.805012,-2.29,-0.11,8.55,0.43,-2.6,-0.13,236.16,0.02
64,多头出场,2025-12-22 05:30,short,2973.73,0.6716,1999.715864,-2.56,-0.13,24.08,1.20,-22.53,-1.13,233.6,0.02
64,多头进场,2025-12-21 12:00,long,2977.54,0.6716,1999.715864,-2.56,-0.13,24.08,1.20,-22.53,-1.13,233.6,0.02
65,空头出场,2025-12-22 06:30,long,2996.32,0.6725,1999.833425,-15.19,-0.76,1.35,0.07,-15.19,-0.76,218.41,0.02
65,空头进场,2025-12-22 05:30,short,2973.73,0.6725,1999.833425,-15.19,-0.76,1.35,0.07,-15.19,-0.76,218.41,0.02
66,多头出场,2025-12-23 10:30,short,2991.09,0.6674,1999.743968,-3.49,-0.17,54.11,2.71,-21.95,-1.10,214.92,0.02
66,多头进场,2025-12-22 06:30,long,2996.32,0.6674,1999.743968,-3.49,-0.17,54.11,2.71,-21.95,-1.10,214.92,0.02
67,空头出场,2025-12-25 10:30,long,2952.7,0.6686,1999.842774,25.67,1.28,68.46,3.42,-5.94,-0.30,240.59,0.02
67,空头进场,2025-12-23 10:30,short,2991.09,0.6686,1999.842774,25.67,1.28,68.46,3.42,-5.94,-0.30,240.59,0.02
68,多头出场,2025-12-26 22:30,short,2917.37,0.6773,1999.86371,-23.93,-1.20,28.23,1.41,-41.65,-2.08,216.66,0.02
68,多头进场,2025-12-25 10:30,long,2952.7,0.6773,1999.86371,-23.93,-1.20,28.23,1.41,-41.65,-2.08,216.66,0.02
69,空头出场,2025-12-28 17:00,long,2942.72,0.6855,1999.857135,-17.38,-0.87,15.68,0.78,-29.83,-1.49,199.28,0.02
69,空头进场,2025-12-26 22:30,short,2917.37,0.6855,1999.857135,-17.38,-0.87,15.68,0.78,-29.83,-1.49,199.28,0.02
70,多头出场,2025-12-30 10:30,short,2928.08,0.6796,1999.872512,-9.95,-0.50,78.19,3.91,-22.07,-1.10,189.33,0.02
70,多头进场,2025-12-28 17:00,long,2942.72,0.6796,1999.872512,-9.95,-0.50,78.19,3.91,-22.07,-1.10,189.33,0.02
71,空头出场,2025-12-30 21:00,long,2988.84,0.683,1999.87864,-41.5,-2.08,5.9,0.30,-51.62,-2.58,147.83,0.01
71,空头进场,2025-12-30 10:30,short,2928.08,0.683,1999.87864,-41.5,-2.08,5.9,0.30,-51.62,-2.58,147.83,0.01
72,多头出场,2025-12-31 08:30,short,2966.4,0.6691,1999.832844,-15.01,-0.75,14.02,0.70,-29.49,-1.47,132.82,0.01
72,多头进场,2025-12-30 21:00,long,2988.84,0.6691,1999.832844,-15.01,-0.75,14.02,0.70,-29.49,-1.47,132.82,0.01
73,空头出场,2025-12-31 09:00,long,2979,0.6742,1999.94688,-8.49,-0.42,3.04,0.15,-12.24,-0.61,124.32,0.01
73,空头进场,2025-12-31 08:30,short,2966.4,0.6742,1999.94688,-8.49,-0.42,3.04,0.15,-12.24,-0.61,124.32,0.01
74,多头出场,2025-12-31 16:30,short,2969.4,0.6713,1999.8027,-6.44,-0.32,3.93,0.20,-10.13,-0.51,117.88,0.01
74,多头进场,2025-12-31 09:00,long,2979,0.6713,1999.8027,-6.44,-0.32,3.93,0.20,-10.13,-0.51,117.88,0.01
75,空头出场,2025-12-31 18:00,long,2978.17,0.6735,1999.8909,-5.91,-0.30,0.15,0.01,-9.17,-0.46,111.97,0.01
75,空头进场,2025-12-31 16:30,short,2969.4,0.6735,1999.8909,-5.91,-0.30,0.15,0.01,-9.17,-0.46,111.97,0.01
76,多头出场,2025-12-31 23:00,short,2976.98,0.6715,1999.841155,-0.8,-0.04,33.51,1.68,-5.49,-0.27,111.17,0.01
76,多头进场,2025-12-31 18:00,long,2978.17,0.6715,1999.841155,-0.8,-0.04,33.51,1.68,-5.49,-0.27,111.17,0.01
77,空头出场,2026-01-01 05:00,long,2980.48,0.6718,1999.935164,-2.35,-0.12,12.14,0.61,-13.72,-0.69,108.82,0.01
77,空头进场,2025-12-31 23:00,short,2976.98,0.6718,1999.935164,-2.35,-0.12,12.14,0.61,-13.72,-0.69,108.82,0.01
78,多头出场,2026-01-01 07:30,short,2971.64,0.671,1999.90208,-5.93,-0.30,2.94,0.15,-6.9,-0.35,102.89,0.01
78,多头进场,2026-01-01 05:00,long,2980.48,0.671,1999.90208,-5.93,-0.30,2.94,0.15,-6.9,-0.35,102.89,0.01
79,空头出场,2026-01-01 08:00,long,2979.75,0.673,1999.91372,-5.46,-0.27,0.33,0.02,-6.02,-0.30,97.43,0.01
79,空头进场,2026-01-01 07:30,short,2971.64,0.673,1999.91372,-5.46,-0.27,0.33,0.02,-6.02,-0.30,97.43,0.01
80,多头出场,2026-01-01 12:00,short,2977.86,0.6711,1999.710225,-1.27,-0.06,6.18,0.31,-3.53,-0.18,96.16,0.01
80,多头进场,2026-01-01 08:00,long,2979.75,0.6711,1999.710225,-1.27,-0.06,6.18,0.31,-3.53,-0.18,96.16,0.01
81,空头出场,2026-01-01 13:30,long,2981.49,0.6716,1999.930776,-2.44,-0.12,3.27,0.16,-3.98,-0.20,93.72,0.01
81,空头进场,2026-01-01 12:00,short,2977.86,0.6716,1999.930776,-2.44,-0.12,3.27,0.16,-3.98,-0.20,93.72,0.01
82,多头出场,2026-01-01 14:00,short,2979.3,0.6708,1999.983492,-1.47,-0.07,0,0.00,-2.34,-0.12,92.26,0.01
82,多头进场,2026-01-01 13:30,long,2981.49,0.6708,1999.983492,-1.47,-0.07,0,0.00,-2.34,-0.12,92.26,0.01
83,空头出场,2026-01-01 16:00,long,2981.44,0.6712,1999.70616,-1.44,-0.07,2.29,0.11,-2.01,-0.10,90.82,0.01
83,空头进场,2026-01-01 14:00,short,2979.3,0.6712,1999.70616,-1.44,-0.07,2.29,0.11,-2.01,-0.10,90.82,0.01
84,多头出场,2026-01-05 02:00,short,3130.08,0.6708,1999.949952,99.71,4.99,124.62,6.23,-2.48,-0.12,190.53,0.02
84,多头进场,2026-01-01 16:00,long,2981.44,0.6708,1999.949952,99.71,4.99,124.62,6.23,-2.48,-0.12,190.53,0.02
85,空头出场,2026-01-05 04:00,long,3139.92,0.6389,1999.808112,-6.29,-0.31,7.09,0.35,-6.48,-0.32,184.24,0.02
85,空头进场,2026-01-05 02:00,short,3130.08,0.6389,1999.808112,-6.29,-0.31,7.09,0.35,-6.48,-0.32,184.24,0.02
86,多头出场,2026-01-07 22:00,short,3194.11,0.6369,1999.815048,34.51,1.73,107.6,5.38,-3.34,-0.17,218.75,0.02
86,多头进场,2026-01-05 04:00,long,3139.92,0.6369,1999.815048,34.51,1.73,107.6,5.38,-3.34,-0.17,218.75,0.02
87,空头出场,2026-01-09 09:00,long,3139.38,0.6261,1999.832271,34.27,1.71,87.32,4.37,-6.17,-0.31,253.02,0.03
87,空头进场,2026-01-07 22:00,short,3194.11,0.6261,1999.832271,34.27,1.71,87.32,4.37,-6.17,-0.31,253.02,0.03
88,多头出场,2026-01-09 10:30,short,3109.49,0.637,1999.78506,-19.04,-0.95,5.75,0.29,-36.97,-1.85,233.98,0.02
88,多头进场,2026-01-09 09:00,long,3139.38,0.637,1999.78506,-19.04,-0.95,5.75,0.29,-36.97,-1.85,233.98,0.02
89,空头出场,2026-01-09 23:00,long,3130,0.6431,1999.713019,-13.19,-0.66,32.67,1.63,-18.01,-0.90,220.79,0.02
89,空头进场,2026-01-09 10:30,short,3109.49,0.6431,1999.713019,-13.19,-0.66,32.67,1.63,-18.01,-0.90,220.79,0.02
90,多头出场,2026-01-10 02:00,short,3086.06,0.6389,1999.757,-28.07,-1.40,9.87,0.49,-30.59,-1.53,192.72,0.02
90,多头进场,2026-01-09 23:00,long,3130,0.6389,1999.757,-28.07,-1.40,9.87,0.49,-30.59,-1.53,192.72,0.02
91,空头出场,2026-01-11 01:00,long,3097.75,0.648,1999.76688,-7.58,-0.38,13.5,0.67,-11.7,-0.59,185.14,0.02
91,空头进场,2026-01-10 02:00,short,3086.06,0.648,1999.76688,-7.58,-0.38,13.5,0.67,-11.7,-0.59,185.14,0.02
92,多头出场,2026-01-11 01:30,short,3092.95,0.6456,1999.9074,-3.1,-0.15,0.01,0.00,-3.65,-0.18,182.04,0.02
92,多头进场,2026-01-11 01:00,long,3097.75,0.6456,1999.9074,-3.1,-0.15,0.01,0.00,-3.65,-0.18,182.04,0.02
93,空头出场,2026-01-11 16:30,long,3103.38,0.6466,1999.90147,-6.74,-0.34,9.21,0.46,-9.88,-0.49,175.3,0.02
93,空头进场,2026-01-11 01:30,short,3092.95,0.6466,1999.90147,-6.74,-0.34,9.21,0.46,-9.88,-0.49,175.3,0.02
94,多头出场,2026-01-13 01:30,short,3104.88,0.6444,1999.818072,0.97,0.05,43.89,2.19,-24.38,-1.22,176.27,0.02
94,多头进场,2026-01-11 16:30,long,3103.38,0.6444,1999.818072,0.97,0.05,43.89,2.19,-24.38,-1.22,176.27,0.02
95,空头出场,2026-01-13 03:30,long,3121.83,0.6441,1999.853208,-10.92,-0.55,6.02,0.30,-11,-0.55,165.35,0.02
95,空头进场,2026-01-13 01:30,short,3104.88,0.6441,1999.853208,-10.92,-0.55,6.02,0.30,-11,-0.55,165.35,0.02
96,多头出场,2026-01-13 04:30,short,3102.57,0.6406,1999.844298,-12.34,-0.62,3.79,0.19,-13.98,-0.70,153.01,0.02
96,多头进场,2026-01-13 03:30,long,3121.83,0.6406,1999.844298,-12.34,-0.62,3.79,0.19,-13.98,-0.70,153.01,0.02
97,空头出场,2026-01-13 16:30,long,3135.99,0.6446,1999.916622,-21.54,-1.08,12.27,0.61,-28.35,-1.42,131.47,0.01
97,空头进场,2026-01-13 04:30,short,3102.57,0.6446,1999.916622,-21.54,-1.08,12.27,0.61,-28.35,-1.42,131.47,0.01
98,多头出场,2026-01-16 11:00,short,3303.22,0.6377,1999.820823,106.64,5.33,170.2,8.51,-4.42,-0.22,238.11,0.02
98,多头进场,2026-01-13 16:30,long,3135.99,0.6377,1999.820823,106.64,5.33,170.2,8.51,-4.42,-0.22,238.11,0.02
99,空头出场,2026-01-16 20:00,long,3311.67,0.6054,1999.769388,-5.12,-0.26,15.85,0.79,-10.14,-0.51,232.99,0.02
99,空头进场,2026-01-16 11:00,short,3303.22,0.6054,1999.769388,-5.12,-0.26,15.85,0.79,-10.14,-0.51,232.99,0.02
100,多头出场,2026-01-16 22:30,short,3294.12,0.6039,1999.917513,-10.6,-0.53,4.19,0.21,-12.7,-0.64,222.4,0.02
100,多头进场,2026-01-16 20:00,long,3311.67,0.6039,1999.917513,-10.6,-0.53,4.19,0.21,-12.7,-0.64,222.4,0.02
101,空头出场,2026-01-18 11:00,long,3311.67,0.6071,1999.860252,-10.65,-0.53,24.96,1.25,-21.94,-1.10,211.74,0.02
101,空头进场,2026-01-16 22:30,short,3294.12,0.6071,1999.860252,-10.65,-0.53,24.96,1.25,-21.94,-1.10,211.74,0.02
102,多头出场,2026-01-18 15:30,short,3307.3,0.6039,1999.917513,-2.64,-0.13,4.73,0.24,-3.18,-0.16,209.1,0.02
102,多头进场,2026-01-18 11:00,long,3311.67,0.6039,1999.917513,-2.64,-0.13,4.73,0.24,-3.18,-0.16,209.1,0.02
103,空头出场,2026-01-18 16:30,long,3315.47,0.6047,1999.92431,-4.94,-0.25,2.29,0.11,-5.74,-0.29,204.16,0.02
103,空头进场,2026-01-18 15:30,short,3307.3,0.6047,1999.92431,-4.94,-0.25,2.29,0.11,-5.74,-0.29,204.16,0.02
104,多头出场,2026-01-20 05:00,short,3214.41,0.6032,1999.891504,-60.96,-3.05,32.18,1.61,-83.11,-4.16,143.2,0.01
104,多头进场,2026-01-18 16:30,long,3315.47,0.6032,1999.891504,-60.96,-3.05,32.18,1.61,-83.11,-4.16,143.2,0.01
105,空头出场,2026-01-22 03:00,long,2984.09,0.6221,1999.684461,143.28,7.17,216.68,10.84,-1.49,-0.07,286.48,0.03
105,空头进场,2026-01-20 05:00,short,3214.41,0.6221,1999.684461,143.28,7.17,216.68,10.84,-1.49,-0.07,286.48,0.03
106,多头出场,2026-01-22 07:30,short,2982.27,0.6702,1999.937118,-1.22,-0.06,56.95,2.85,-7.64,-0.38,285.26,0.03
106,多头进场,2026-01-22 03:00,long,2984.09,0.6702,1999.937118,-1.22,-0.06,56.95,2.85,-7.64,-0.38,285.26,0.03
107,空头出场,2026-01-22 09:30,long,3028.52,0.6706,1999.910262,-31.02,-1.55,1.03,0.05,-34.66,-1.73,254.25,0.03
107,空头进场,2026-01-22 07:30,short,2982.27,0.6706,1999.910262,-31.02,-1.55,1.03,0.05,-34.66,-1.73,254.25,0.03
108,多头出场,2026-01-23 14:00,short,2946.04,0.6603,1999.731756,-54.46,-2.72,6.48,0.32,-80.89,-4.04,199.79,0.02
108,多头进场,2026-01-22 09:30,long,3028.52,0.6603,1999.731756,-54.46,-2.72,6.48,0.32,-80.89,-4.04,199.79,0.02
109,空头出场,2026-01-23 23:30,long,2952.75,0.6788,1999.771952,-4.55,-0.23,36.41,1.82,-12.91,-0.65,195.23,0.02
109,空头进场,2026-01-23 14:00,short,2946.04,0.6788,1999.771952,-4.55,-0.23,36.41,1.82,-12.91,-0.65,195.23,0.02
110,多头出场,2026-01-24 23:30,short,2957.25,0.6773,1999.897575,3.05,0.15,45.05,2.25,-15.12,-0.76,198.28,0.02
110,多头进场,2026-01-23 23:30,long,2952.75,0.6773,1999.897575,3.05,0.15,45.05,2.25,-15.12,-0.76,198.28,0.02
111,空头出场,2026-01-25 01:00,long,2964,0.6763,1999.988175,-4.57,-0.23,3.4,0.17,-5.99,-0.30,193.72,0.02
111,空头进场,2026-01-24 23:30,short,2957.25,0.6763,1999.988175,-4.57,-0.23,3.4,0.17,-5.99,-0.30,193.72,0.02
112,多头出场,2026-01-25 03:00,short,2957.72,0.6747,1999.8108,-4.24,-0.21,3.03,0.15,-5.06,-0.25,189.48,0.02
112,多头进场,2026-01-25 01:00,long,2964,0.6747,1999.8108,-4.24,-0.21,3.03,0.15,-5.06,-0.25,189.48,0.02
113,空头出场,2026-01-25 06:00,long,2961.12,0.6761,1999.714492,-2.3,-0.11,5.74,0.29,-4.62,-0.23,187.18,0.02
113,空头进场,2026-01-25 03:00,short,2957.72,0.6761,1999.714492,-2.3,-0.11,5.74,0.29,-4.62,-0.23,187.18,0.02
114,多头出场,2026-01-25 07:30,short,2953.22,0.6754,1999.940448,-5.34,-0.27,2.22,0.11,-5.79,-0.29,181.84,0.02
114,多头进场,2026-01-25 06:00,long,2961.12,0.6754,1999.940448,-5.34,-0.27,2.22,0.11,-5.79,-0.29,181.84,0.02
115,空头出场,2026-01-26 21:30,long,2909.67,0.6772,1999.920584,29.49,1.47,112.56,5.63,-4.79,-0.24,211.34,0.02
115,空头进场,2026-01-25 07:30,short,2953.22,0.6772,1999.920584,29.49,1.47,112.56,5.63,-4.79,-0.24,211.34,0.02
116,多头出场,2026-01-26 22:00,short,2886.99,0.6873,1999.816191,-15.59,-0.78,4.02,0.20,-19.18,-0.96,195.75,0.02
116,多头进场,2026-01-26 21:30,long,2909.67,0.6873,1999.816191,-15.59,-0.78,4.02,0.20,-19.18,-0.96,195.75,0.02
117,空头出场,2026-01-26 22:30,long,2922.74,0.6927,1999.817973,-24.76,-1.24,7.77,0.39,-33.05,-1.65,170.98,0.02
117,空头进场,2026-01-26 22:00,short,2886.99,0.6927,1999.817973,-24.76,-1.24,7.77,0.39,-33.05,-1.65,170.98,0.02
118,多头出场,2026-01-29 19:00,short,2924.55,0.6842,1999.738708,1.24,0.06,84.18,4.21,-25.16,-1.26,172.22,0.02
118,多头进场,2026-01-26 22:30,long,2922.74,0.6842,1999.738708,1.24,0.06,84.18,4.21,-25.16,-1.26,172.22,0.02
119,空头出场,2026-02-03 08:30,long,2353.98,0.6838,1999.80729,390.16,19.51,524.75,26.24,-9.88,-0.49,562.38,0.06
119,空头进场,2026-01-29 19:00,short,2924.55,0.6838,1999.80729,390.16,19.51,524.75,26.24,-9.88,-0.49,562.38,0.06
120,多头出场,2026-02-03 10:00,short,2330.37,0.8496,1999.941408,-20.06,-1.00,5.01,0.25,-21.95,-1.10,542.32,0.05
120,多头进场,2026-02-03 08:30,long,2353.98,0.8496,1999.941408,-20.06,-1.00,5.01,0.25,-21.95,-1.10,542.32,0.05
121,空头出场,2026-02-03 12:30,long,2345.57,0.8582,1999.923534,-13.04,-0.65,39.38,1.97,-21.13,-1.06,529.28,0.05
121,空头进场,2026-02-03 10:00,short,2330.37,0.8582,1999.923534,-13.04,-0.65,39.38,1.97,-21.13,-1.06,529.28,0.05
122,多头出场,2026-02-03 13:00,short,2329,0.8526,1999.832982,-14.13,-0.71,0.19,0.01,-22.99,-1.15,515.15,0.05
122,多头进场,2026-02-03 12:30,long,2345.57,0.8526,1999.832982,-14.13,-0.71,0.19,0.01,-22.99,-1.15,515.15,0.05
123,空头出场,2026-02-04 14:30,long,2277.54,0.8587,1999.9123,44.19,2.21,188.06,9.40,-12.73,-0.64,559.34,0.06
123,空头进场,2026-02-03 13:00,short,2329,0.8587,1999.9123,44.19,2.21,188.06,9.40,-12.73,-0.64,559.34,0.06
124,多头出场,2026-02-04 16:00,short,2270.07,0.8781,1999.907874,-6.56,-0.33,14.44,0.72,-12.12,-0.61,552.78,0.06
124,多头进场,2026-02-04 14:30,long,2277.54,0.8781,1999.907874,-6.56,-0.33,14.44,0.72,-12.12,-0.61,552.78,0.06
125,空头出场,2026-02-07 11:30,long,2080.81,0.881,1999.93167,166.74,8.34,460.12,23.01,-12.7,-0.63,719.51,0.07
125,空头进场,2026-02-04 16:00,short,2270.07,0.881,1999.93167,166.74,8.34,460.12,23.01,-12.7,-0.63,719.51,0.07
126,多头出场,2026-02-09 05:30,short,2093.9,0.9611,1999.866491,12.58,0.63,61.94,3.10,-82.89,-4.14,732.1,0.07
126,多头进场,2026-02-07 11:30,long,2080.81,0.9611,1999.866491,12.58,0.63,61.94,3.10,-82.89,-4.14,732.1,0.07
127,空头出场,2026-02-09 11:30,long,2100.25,0.9551,1999.88389,-6.06,-0.30,37.14,1.86,-55.52,-2.78,726.03,0.07
127,空头进场,2026-02-09 05:30,short,2093.9,0.9551,1999.88389,-6.06,-0.30,37.14,1.86,-55.52,-2.78,726.03,0.07
128,多头出场,2026-02-09 14:00,short,2074.29,0.9522,1999.85805,-24.72,-1.24,1.69,0.08,-26.49,-1.32,701.31,0.07
128,多头进场,2026-02-09 11:30,long,2100.25,0.9522,1999.85805,-24.72,-1.24,1.69,0.08,-26.49,-1.32,701.31,0.07
129,空头出场,2026-02-12 13:30,long,1970.69,0.9641,1999.822989,99.88,4.99,164.96,8.25,-70.8,-3.54,801.19,0.08
129,空头进场,2026-02-09 14:00,short,2074.29,0.9641,1999.822989,99.88,4.99,164.96,8.25,-70.8,-3.54,801.19,0.08
130,多头出场,2026-02-13 13:00,short,1939.28,1.0148,1999.856212,-31.87,-1.59,31.18,1.56,-74.54,-3.73,769.32,0.08
130,多头进场,2026-02-12 13:30,long,1970.69,1.0148,1999.856212,-31.87,-1.59,31.18,1.56,-74.54,-3.73,769.32,0.08
131,空头出场,2026-02-14 16:00,long,2068,1.0313,1999.979464,-132.75,-6.64,15.02,0.75,-156.8,-7.84,636.57,0.06
131,空头进场,2026-02-13 13:00,short,1939.28,1.0313,1999.979464,-132.75,-6.64,15.02,0.75,-156.8,-7.84,636.57,0.06
132,多头出场,2026-02-15 16:30,short,2069.2,0.9671,1999.9628,1.16,0.06,38.36,1.92,-35.88,-1.79,637.73,0.06
132,多头进场,2026-02-14 16:00,long,2068,0.9671,1999.9628,1.16,0.06,38.36,1.92,-35.88,-1.79,637.73,0.06
133,空头出场,2026-02-16 20:00,long,1992.42,0.9665,1999.8818,74.21,3.71,135.62,6.78,-9.34,-0.47,711.94,0.07
133,空头进场,2026-02-15 16:30,short,2069.2,0.9665,1999.8818,74.21,3.71,135.62,6.78,-9.34,-0.47,711.94,0.07
134,多头出场,2026-02-16 21:30,short,1967.7,1.0038,1999.991196,-24.81,-1.24,31.21,1.56,-31.31,-1.57,687.12,0.07
134,多头进场,2026-02-16 20:00,long,1992.42,1.0038,1999.991196,-24.81,-1.24,31.21,1.56,-31.31,-1.57,687.12,0.07
135,空头出场,2026-02-17 10:00,long,2004.87,1.0164,1999.97028,-37.78,-1.89,30.96,1.55,-41.55,-2.08,649.34,0.06
135,空头进场,2026-02-16 21:30,short,1967.7,1.0164,1999.97028,-37.78,-1.89,30.96,1.55,-41.55,-2.08,649.34,0.06
136,多头出场,2026-02-17 22:30,short,1948.49,0.9975,1999.857825,-56.24,-2.81,0.53,0.03,-60.42,-3.02,593.1,0.06
136,多头进场,2026-02-17 10:00,long,2004.87,0.9975,1999.857825,-56.24,-2.81,0.53,0.03,-60.42,-3.02,593.1,0.06
137,空头出场,2026-02-18 00:00,long,1984.35,1.0264,1999.930136,-36.81,-1.84,7.01,0.35,-48.18,-2.41,556.3,0.06
137,空头进场,2026-02-17 22:30,short,1948.49,1.0264,1999.930136,-36.81,-1.84,7.01,0.35,-48.18,-2.41,556.3,0.06
138,多头出场,2026-02-19 00:30,short,1971.78,1.0078,1999.82793,-12.67,-0.63,55.13,2.76,-30.56,-1.53,543.63,0.05
138,多头进场,2026-02-18 00:00,long,1984.35,1.0078,1999.82793,-12.67,-0.63,55.13,2.76,-30.56,-1.53,543.63,0.05
139,空头出场,2026-02-20 11:00,long,1958.26,1.0143,1999.976454,13.71,0.69,65.71,3.29,-16.34,-0.82,557.34,0.06
139,空头进场,2026-02-19 00:30,short,1971.78,1.0143,1999.976454,13.71,0.69,65.71,3.29,-16.34,-0.82,557.34,0.06
140,多头出场,2026-02-20 12:00,short,1937.93,1.0213,1999.970938,-20.76,-1.04,2.08,0.10,-27.83,-1.39,536.58,0.05
140,多头进场,2026-02-20 11:00,long,1958.26,1.0213,1999.970938,-20.76,-1.04,2.08,0.10,-27.83,-1.39,536.58,0.05
141,空头出场,2026-02-20 14:00,long,1953.98,1.032,1999.94376,-16.56,-0.83,3.25,0.16,-28.45,-1.42,520.02,0.05
141,空头进场,2026-02-20 12:00,short,1937.93,1.032,1999.94376,-16.56,-0.83,3.25,0.16,-28.45,-1.42,520.02,0.05
142,多头出场,2026-02-22 10:30,short,1972.23,1.0235,1999.89853,18.68,0.93,42.56,2.13,-31.74,-1.59,538.7,0.05
142,多头进场,2026-02-20 14:00,long,1953.98,1.0235,1999.89853,18.68,0.93,42.56,2.13,-31.74,-1.59,538.7,0.05
143,空头出场,2026-02-22 17:30,long,1975.83,1.014,1999.84122,-3.65,-0.18,4.9,0.24,-7.41,-0.37,535.04,0.05
143,空头进场,2026-02-22 10:30,short,1972.23,1.014,1999.84122,-3.65,-0.18,4.9,0.24,-7.41,-0.37,535.04,0.05
144,多头出场,2026-02-22 20:30,short,1966.37,1.0122,1999.935126,-9.58,-0.48,7.39,0.37,-14.16,-0.71,525.47,0.05
144,多头进场,2026-02-22 17:30,long,1975.83,1.0122,1999.935126,-9.58,-0.48,7.39,0.37,-14.16,-0.71,525.47,0.05
145,空头出场,2026-02-25 06:30,long,1860.56,1.0171,1999.994927,107.62,5.38,169.21,8.46,-2.36,-0.12,633.09,0.06
145,空头进场,2026-02-22 20:30,short,1966.37,1.0171,1999.994927,107.62,5.38,169.21,8.46,-2.36,-0.12,633.09,0.06
146,多头出场,2026-02-27 08:30,short,2014.79,1.0749,1999.915944,165.78,8.29,309.39,15.47,-14.86,-0.74,798.87,0.08
146,多头进场,2026-02-25 06:30,long,1860.56,1.0749,1999.915944,165.78,8.29,309.39,15.47,-14.86,-0.74,798.87,0.08
147,空头出场,2026-03-01 09:30,long,2012.36,0.9926,1999.880554,2.41,0.12,178.1,8.91,-48.37,-2.42,801.28,0.08
147,空头进场,2026-02-27 08:30,short,2014.79,0.9926,1999.880554,2.41,0.12,178.1,8.91,-48.37,-2.42,801.28,0.08
148,多头出场,2026-03-02 00:30,short,1974.03,0.9938,1999.883368,-38.09,-1.90,42.18,2.11,-51.81,-2.59,763.19,0.08
148,多头进场,2026-03-01 09:30,long,2012.36,0.9938,1999.883368,-38.09,-1.90,42.18,2.11,-51.81,-2.59,763.19,0.08
149,空头出场,2026-03-02 22:30,long,1979.75,1.0131,1999.889793,-5.79,-0.29,67.49,3.37,-23.81,-1.19,757.4,0.08
149,空头进场,2026-03-02 00:30,short,1974.03,1.0131,1999.889793,-5.79,-0.29,67.49,3.37,-23.81,-1.19,757.4,0.08
150,多头出场,2026-03-03 23:00,short,1942.65,1.0102,1999.94345,-37.48,-1.87,111.37,5.57,-50.7,-2.54,719.92,0.07
150,多头进场,2026-03-02 22:30,long,1979.75,1.0102,1999.94345,-37.48,-1.87,111.37,5.57,-50.7,-2.54,719.92,0.07
151,空头出场,2026-03-04 06:30,long,1983.31,1.0295,1999.958175,-41.86,-2.09,0.26,0.01,-73.58,-3.68,678.06,0.07
151,空头进场,2026-03-03 23:00,short,1942.65,1.0295,1999.958175,-41.86,-2.09,0.26,0.01,-73.58,-3.68,678.06,0.07
152,多头出场,2026-03-04 08:30,short,1976.68,1.0084,1999.969804,-6.69,-0.33,18.47,0.92,-21.61,-1.08,671.37,0.07
152,多头进场,2026-03-04 06:30,long,1983.31,1.0084,1999.969804,-6.69,-0.33,18.47,0.92,-21.61,-1.08,671.37,0.07
153,空头出场,2026-03-04 23:00,long,2139.02,1.0117,1999.807156,-164.24,-8.21,31.97,1.60,-169.26,-8.46,507.13,0.05
153,空头进场,2026-03-04 08:30,short,1976.68,1.0117,1999.807156,-164.24,-8.21,31.97,1.60,-169.26,-8.46,507.13,0.05
154,多头出场,2026-03-06 09:00,short,2065.36,0.935,1999.9837,-68.87,-3.44,56.08,2.80,-78.79,-3.94,438.26,0.04
154,多头进场,2026-03-04 23:00,long,2139.02,0.935,1999.9837,-68.87,-3.44,56.08,2.80,-78.79,-3.94,438.26,0.04
155,空头出场,2026-03-09 03:00,long,1959.54,0.9683,1999.888088,102.47,5.12,135.85,6.79,-27.08,-1.35,540.73,0.05
155,空头进场,2026-03-06 09:00,short,2065.36,0.9683,1999.888088,102.47,5.12,135.85,6.79,-27.08,-1.35,540.73,0.05
156,多头出场,2026-03-09 06:00,short,1929.84,1.0206,1999.906524,-30.31,-1.52,12.67,0.63,-44.29,-2.21,510.41,0.05
156,多头进场,2026-03-09 03:00,long,1959.54,1.0206,1999.906524,-30.31,-1.52,12.67,0.63,-44.29,-2.21,510.41,0.05
157,空头出场,2026-03-09 17:00,long,2004.04,1.0363,1999.893192,-76.89,-3.84,5.95,0.30,-87.48,-4.37,433.52,0.04
157,空头进场,2026-03-09 06:00,short,1929.84,1.0363,1999.893192,-76.89,-3.84,5.95,0.30,-87.48,-4.37,433.52,0.04
158,多头出场,2026-03-11 10:30,short,2026.71,0.9979,1999.831516,22.62,1.13,83.97,4.20,-23.06,-1.15,456.14,0.05
158,多头进场,2026-03-09 17:00,long,2004.04,0.9979,1999.831516,22.62,1.13,83.97,4.20,-23.06,-1.15,456.14,0.05
159,空头出场,2026-03-12 23:30,long,2072.33,0.9868,1999.957428,-45.02,-2.25,19.28,0.96,-67.39,-3.37,411.13,0.04
159,空头进场,2026-03-11 10:30,short,2026.71,0.9868,1999.957428,-45.02,-2.25,19.28,0.96,-67.39,-3.37,411.13,0.04
160,多头出场,2026-03-14 14:00,short,2085.06,0.965,1999.79845,12.28,0.61,131.92,6.60,-25.97,-1.30,423.41,0.04
160,多头进场,2026-03-12 23:30,long,2072.33,0.965,1999.79845,12.28,0.61,131.92,6.60,-25.97,-1.30,423.41,0.04
161,空头出场,2026-03-15 10:00,long,2093.19,0.9592,1999.989552,-7.8,-0.39,22.5,1.13,-14.03,-0.70,415.61,0.04
161,空头进场,2026-03-14 14:00,short,2085.06,0.9592,1999.989552,-7.8,-0.39,22.5,1.13,-14.03,-0.70,415.61,0.04
162,多头出场,2026-03-18 18:30,short,2312.83,0.9554,1999.833726,209.84,10.49,279.77,13.99,-6.54,-0.33,625.46,0.06
162,多头进场,2026-03-15 10:00,long,2093.19,0.9554,1999.833726,209.84,10.49,279.77,13.99,-6.54,-0.33,625.46,0.06
163,空头出场,2026-03-21 10:30,long,2154.9,0.8647,1999.904101,136.56,6.83,184.57,9.23,-5.47,-0.27,762.02,0.08
163,空头进场,2026-03-18 18:30,short,2312.83,0.8647,1999.904101,136.56,6.83,184.57,9.23,-5.47,-0.27,762.02,0.08
164,多头出场,2026-03-22 06:30,short,2149.94,0.9281,1999.96269,-4.6,-0.23,12.41,0.62,-11.96,-0.60,757.41,0.08
164,多头进场,2026-03-21 10:30,long,2154.9,0.9281,1999.96269,-4.6,-0.23,12.41,0.62,-11.96,-0.60,757.41,0.08
165,空头出场,2026-03-24 14:30,long,2145.3,0.9302,1999.874188,4.32,0.22,118.04,5.90,-45.24,-2.26,761.73,0.08
165,空头进场,2026-03-22 06:30,short,2149.94,0.9302,1999.874188,4.32,0.22,118.04,5.90,-45.24,-2.26,761.73,0.08
166,多头出场,2026-03-26 04:00,short,2161.38,0.9322,1999.84866,14.99,0.75,50.08,2.50,-39.41,-1.97,776.72,0.08
166,多头进场,2026-03-24 14:30,long,2145.3,0.9322,1999.84866,14.99,0.75,50.08,2.50,-39.41,-1.97,776.72,0.08
167,空头出场,2026-03-26 06:30,long,2174.53,0.9253,1999.924914,-12.17,-0.61,0.66,0.03,-20.47,-1.02,764.55,0.08
167,空头进场,2026-03-26 04:00,short,2161.38,0.9253,1999.924914,-12.17,-0.61,0.66,0.03,-20.47,-1.02,764.55,0.08
168,多头出场,2026-03-26 09:30,short,2164.84,0.9197,1999.915241,-8.91,-0.45,2.4,0.12,-13.36,-0.67,755.64,0.08
168,多头进场,2026-03-26 06:30,long,2174.53,0.9197,1999.915241,-8.91,-0.45,2.4,0.12,-13.36,-0.67,755.64,0.08
169,空头出场,2026-03-30 08:00,long,2007.74,0.9238,1999.879192,145.13,7.26,208.8,10.44,-0.88,-0.04,900.77,0.09
169,空头进场,2026-03-26 09:30,short,2164.84,0.9238,1999.879192,145.13,7.26,208.8,10.44,-0.88,-0.04,900.77,0.09
170,多头出场,2026-03-31 07:30,short,2026.48,0.9961,1999.909814,18.67,0.93,76.96,3.85,-15.84,-0.79,919.44,0.09
170,多头进场,2026-03-30 08:00,long,2007.74,0.9961,1999.909814,18.67,0.93,76.96,3.85,-15.84,-0.79,919.44,0.09
171,空头出场,2026-04-01 12:00,long,2110.29,0.9869,1999.933112,-82.71,-4.14,13.66,0.68,-96.27,-4.81,836.72,0.08
171,空头进场,2026-03-31 07:30,short,2026.48,0.9869,1999.933112,-82.71,-4.14,13.66,0.68,-96.27,-4.81,836.72,0.08
172,多头出场,2026-04-02 09:00,short,2112.43,0.9477,1999.921833,2.03,0.10,54.55,2.73,-4.18,-0.21,838.75,0.08
172,多头进场,2026-04-01 12:00,long,2110.29,0.9477,1999.921833,2.03,0.10,54.55,2.73,-4.18,-0.21,838.75,0.08
173,空头出场,2026-04-03 20:00,long,2067.34,0.9467,1999.837481,42.69,2.13,90.31,4.52,0,0.00,881.44,0.09
173,空头进场,2026-04-02 09:00,short,2112.43,0.9467,1999.837481,42.69,2.13,90.31,4.52,0,0.00,881.44,0.09
174,多头出场,2026-04-03 20:30,short,2049.84,0.9674,1999.944716,-16.93,-0.85,13.95,0.70,-21.53,-1.08,864.51,0.09
174,多头进场,2026-04-03 20:00,long,2067.34,0.9674,1999.944716,-16.93,-0.85,13.95,0.70,-21.53,-1.08,864.51,0.09
175,空头出场,2026-04-04 21:30,long,2053.59,0.9756,1999.823904,-3.66,-0.18,7.99,0.40,-10.81,-0.54,860.85,0.09
175,空头进场,2026-04-03 20:30,short,2049.84,0.9756,1999.823904,-3.66,-0.18,7.99,0.40,-10.81,-0.54,860.85,0.09
176,多头出场,2026-04-05 20:30,short,2028.36,0.9739,1999.991301,-24.57,-1.23,29.62,1.48,-31.25,-1.56,836.28,0.08
176,多头进场,2026-04-04 21:30,long,2053.59,0.9739,1999.991301,-24.57,-1.23,29.62,1.48,-31.25,-1.56,836.28,0.08
177,空头出场,2026-04-06 06:30,long,2085.79,0.986,1999.96296,-56.63,-2.83,2.61,0.13,-58.81,-2.94,779.65,0.08
177,空头进场,2026-04-05 20:30,short,2028.36,0.986,1999.96296,-56.63,-2.83,2.61,0.13,-58.81,-2.94,779.65,0.08
178,多头出场,2026-04-07 18:30,short,2089.32,0.9588,1999.855452,3.38,0.17,85.33,4.27,-3.3,-0.16,783.04,0.08
178,多头进场,2026-04-06 06:30,long,2085.79,0.9588,1999.855452,3.38,0.17,85.33,4.27,-3.3,-0.16,783.04,0.08
179,空头出场,2026-04-09 01:30,long,2231.88,0.9572,1999.897104,-136.46,-6.82,27.84,1.39,-176.65,-8.83,646.58,0.06
179,空头进场,2026-04-07 18:30,short,2089.32,0.9572,1999.897104,-136.46,-6.82,27.84,1.39,-176.65,-8.83,646.58,0.06
180,多头出场,2026-04-09 06:00,short,2193.51,0.8961,1999.987668,-34.38,-1.72,0.69,0.03,-35.74,-1.79,612.2,0.06
180,多头进场,2026-04-09 01:30,long,2231.88,0.8961,1999.987668,-34.38,-1.72,0.69,0.03,-35.74,-1.79,612.2,0.06
181,空头出场,2026-04-10 17:00,long,2194.01,0.9117,1999.823067,-0.46,-0.02,33,1.65,-47.86,-2.39,611.74,0.06
181,空头进场,2026-04-09 06:00,short,2193.51,0.9117,1999.823067,-0.46,-0.02,33,1.65,-47.86,-2.39,611.74,0.06
182,多头出场,2026-04-12 20:30,short,2194.76,0.9115,1999.840115,0.68,0.03,123.89,6.20,-5.48,-0.27,612.42,0.06
182,多头进场,2026-04-10 17:00,long,2194.01,0.9115,1999.840115,0.68,0.03,123.89,6.20,-5.48,-0.27,612.42,0.06
183,空头出场,2026-04-17 07:00,long,2348.28,0.9112,1999.865312,-139.89,-6.99,18.01,0.90,-201.14,-10.06,472.54,0.05
183,空头进场,2026-04-12 20:30,short,2194.76,0.9112,1999.865312,-139.89,-6.99,18.01,0.90,-201.14,-10.06,472.54,0.05
184,多头出场,2026-04-19 02:30,short,2347.44,0.8516,1999.795248,-0.72,-0.04,99.32,4.97,-26.27,-1.31,471.82,0.05
184,多头进场,2026-04-17 07:00,long,2348.28,0.8516,1999.795248,-0.72,-0.04,99.32,4.97,-26.27,-1.31,471.82,0.05
185,空头出场,2026-04-21 01:30,long,2317.06,0.8519,1999.784136,25.88,1.29,80.69,4.04,-10.27,-0.51,497.7,0.05
185,空头进场,2026-04-19 02:30,short,2347.44,0.8519,1999.784136,25.88,1.29,80.69,4.04,-10.27,-0.51,497.7,0.05
186,多头出场,2026-04-23 17:00,short,2321.65,0.8631,1999.854486,3.96,0.20,92.08,4.60,-28.37,-1.42,501.66,0.05
186,多头进场,2026-04-21 01:30,long,2317.06,0.8631,1999.854486,3.96,0.20,92.08,4.60,-28.37,-1.42,501.66,0.05
187,空头出场,2026-04-26 13:00,long,2330.9,0.8614,1999.86931,-7.97,-0.40,31.21,1.56,-18.89,-0.94,493.7,0.05
187,空头进场,2026-04-23 17:00,short,2321.65,0.8614,1999.86931,-7.97,-0.40,31.21,1.56,-18.89,-0.94,493.7,0.05
188,多头出场,2026-04-27 23:00,short,2276.25,0.858,1999.9122,-46.89,-2.34,63.04,3.15,-55.61,-2.78,446.81,0.04
188,多头进场,2026-04-26 13:00,long,2330.9,0.858,1999.9122,-46.89,-2.34,63.04,3.15,-55.61,-2.78,446.81,0.04
189,空头出场,2026-04-29 11:00,long,2300.63,0.8786,1999.91325,-21.42,-1.07,15.82,0.79,-30.43,-1.52,425.39,0.04
189,空头进场,2026-04-27 23:00,short,2276.25,0.8786,1999.91325,-21.42,-1.07,15.82,0.79,-30.43,-1.52,425.39,0.04
190,多头出场,2026-04-30 11:00,short,2250.46,0.8693,1999.937659,-43.61,-2.18,40.27,2.01,-69.78,-3.49,381.77,0.04
190,多头进场,2026-04-29 11:00,long,2300.63,0.8693,1999.937659,-43.61,-2.18,40.27,2.01,-69.78,-3.49,381.77,0.04
191,空头出场,2026-04-30 23:00,long,2267.56,0.8887,1999.983802,-15.2,-0.76,16.73,0.84,-20.65,-1.03,366.58,0.04
191,空头进场,2026-04-30 11:00,short,2250.46,0.8887,1999.983802,-15.2,-0.76,16.73,0.84,-20.65,-1.03,366.58,0.04
192,多头出场,2026-05-01 00:00,short,2262,0.882,1999.98792,-4.9,-0.25,6.68,0.33,-7.11,-0.36,361.67,0.04
192,多头进场,2026-04-30 23:00,long,2267.56,0.882,1999.98792,-4.9,-0.25,6.68,0.33,-7.11,-0.36,361.67,0.04
193,空头出场,2026-05-01 03:00,long,2265.17,0.8841,1999.8342,-2.8,-0.14,9.18,0.46,-3.76,-0.19,358.87,0.04
193,空头进场,2026-05-01 00:00,short,2262,0.8841,1999.8342,-2.8,-0.14,9.18,0.46,-3.76,-0.19,358.87,0.04
194,多头出场,2026-05-01 05:00,short,2257.85,0.8829,1999.918593,-6.46,-0.32,1.9,0.09,-6.97,-0.35,352.41,0.04
194,多头进场,2026-05-01 03:00,long,2265.17,0.8829,1999.918593,-6.46,-0.32,1.9,0.09,-6.97,-0.35,352.41,0.04
195,空头出场,2026-05-01 16:30,long,2286.92,0.8857,1999.777745,-25.75,-1.29,4.81,0.24,-32.9,-1.65,326.66,0.03
195,空头进场,2026-05-01 05:00,short,2257.85,0.8857,1999.777745,-25.75,-1.29,4.81,0.24,-32.9,-1.65,326.66,0.03
196,多头出场,2026-05-06 06:30,short,2367.51,0.8745,1999.91154,70.48,3.52,98.45,4.92,-8.62,-0.43,397.14,0.04
196,多头进场,2026-05-01 16:30,long,2286.92,0.8745,1999.91154,70.48,3.52,98.45,4.92,-8.62,-0.43,397.14,0.04
197,空头出场,2026-05-06 09:30,long,2373.19,0.8447,1999.835697,-4.8,-0.24,10.57,0.53,-8.01,-0.40,392.34,0.04
197,空头进场,2026-05-06 06:30,short,2367.51,0.8447,1999.835697,-4.8,-0.24,10.57,0.53,-8.01,-0.40,392.34,0.04
198,多头出场,2026-05-06 13:00,short,2365.42,0.8427,1999.887213,-6.55,-0.33,6.47,0.32,-11.12,-0.56,385.79,0.04
198,多头进场,2026-05-06 09:30,long,2373.19,0.8427,1999.887213,-6.55,-0.33,6.47,0.32,-11.12,-0.56,385.79,0.04
199,空头出场,2026-05-06 14:30,long,2370.52,0.8455,1999.96261,-4.31,-0.22,8.81,0.44,-4.96,-0.25,381.48,0.04
199,空头进场,2026-05-06 13:00,short,2365.42,0.8455,1999.96261,-4.31,-0.22,8.81,0.44,-4.96,-0.25,381.48,0.04
200,多头出场,2026-05-07 08:30,short,2329.65,0.8436,1999.770672,-34.48,-1.72,44.9,2.25,-34.98,-1.75,347,0.03
200,多头进场,2026-05-06 14:30,long,2370.52,0.8436,1999.770672,-34.48,-1.72,44.9,2.25,-34.98,-1.75,347,0.03
201,空头出场,2026-05-08 23:30,long,2293.2,0.8584,1999.77156,31.29,1.56,54.97,2.75,-14.8,-0.74,378.29,0.04
201,空头进场,2026-05-07 08:30,short,2329.65,0.8584,1999.77156,31.29,1.56,54.97,2.75,-14.8,-0.74,378.29,0.04
202,多头出场,2026-05-11 21:00,short,2327.57,0.8721,1999.89972,29.97,1.50,77.9,3.90,-5.91,-0.30,408.26,0.04
202,多头进场,2026-05-08 23:30,long,2293.2,0.8721,1999.89972,29.97,1.50,77.9,3.90,-5.91,-0.30,408.26,0.04
203,空头出场,2026-05-13 16:30,long,2316.64,0.8592,1999.848144,9.39,0.47,61.26,3.06,-15.56,-0.78,417.65,0.04
203,空头进场,2026-05-11 21:00,short,2327.57,0.8592,1999.848144,9.39,0.47,61.26,3.06,-15.56,-0.78,417.65,0.04
204,多头出场,2026-05-14 10:30,short,2251.53,0.8633,1999.955312,-56.21,-2.81,5.8,0.29,-71.23,-3.56,361.44,0.04
204,多头进场,2026-05-13 16:30,long,2316.64,0.8633,1999.955312,-56.21,-2.81,5.8,0.29,-71.23,-3.56,361.44,0.04
205,空头出场,2026-05-14 22:00,long,2264.89,0.8882,1999.808946,-11.87,-0.59,11.45,0.57,-21.02,-1.05,349.58,0.03
205,空头进场,2026-05-14 10:30,short,2251.53,0.8882,1999.808946,-11.87,-0.59,11.45,0.57,-21.02,-1.05,349.58,0.03
206,多头出场,2026-05-15 21:00,short,2247.47,0.883,1999.89787,-15.38,-0.77,48.07,2.40,-23.79,-1.19,334.2,0.03
206,多头进场,2026-05-14 22:00,long,2264.89,0.883,1999.89787,-15.38,-0.77,48.07,2.40,-23.79,-1.19,334.2,0.03
207,空头出场,2026-05-18 02:30,long,2188.49,0.8898,1999.798806,52.48,2.62,75.56,3.78,-0.21,-0.01,386.68,0.04
207,空头进场,2026-05-15 21:00,short,2247.47,0.8898,1999.798806,52.48,2.62,75.56,3.78,-0.21,-0.01,386.68,0.04
208,多头出场,2026-05-18 06:00,short,2181.38,0.9138,1999.842162,-6.5,-0.32,5.78,0.29,-10.3,-0.51,380.18,0.04
208,多头进场,2026-05-18 02:30,long,2188.49,0.9138,1999.842162,-6.5,-0.32,5.78,0.29,-10.3,-0.51,380.18,0.04
209,空头出场,2026-05-19 13:30,long,2135.21,0.9168,1999.889184,42.33,2.12,95.48,4.77,-2.98,-0.15,422.51,0.04
209,空头进场,2026-05-18 06:00,short,2181.38,0.9168,1999.889184,42.33,2.12,95.48,4.77,-2.98,-0.15,422.51,0.04
210,多头出场,2026-05-20 06:00,short,2104.3,0.9366,1999.837686,-28.95,-1.45,9.17,0.46,-38.16,-1.91,393.56,0.04
210,多头进场,2026-05-19 13:30,long,2135.21,0.9366,1999.837686,-28.95,-1.45,9.17,0.46,-38.16,-1.91,393.56,0.04
211,空头出场,2026-05-20 23:00,long,2138.99,0.9504,1999.92672,-32.97,-1.65,2.1,0.11,-42.48,-2.12,360.59,0.04
211,空头进场,2026-05-20 06:00,short,2104.3,0.9504,1999.92672,-32.97,-1.65,2.1,0.11,-42.48,-2.12,360.59,0.04
212,多头出场,2026-05-21 17:30,short,2127.98,0.935,1999.95565,-10.29,-0.51,17.31,0.87,-19.2,-0.96,350.29,0.04
212,多头进场,2026-05-20 23:00,long,2138.99,0.935,1999.95565,-10.29,-0.51,17.31,0.87,-19.2,-0.96,350.29,0.04
213,空头出场,2026-05-22 10:00,long,2136.87,0.9398,1999.875604,-8.35,-0.42,21.46,1.07,-24.22,-1.21,341.94,0.03
213,空头进场,2026-05-21 17:30,short,2127.98,0.9398,1999.875604,-8.35,-0.42,21.46,1.07,-24.22,-1.21,341.94,0.03
214,多头出场,2026-05-22 22:00,short,2118.24,0.9359,1999.896633,-17.44,-0.87,4.23,0.21,-22.73,-1.14,324.5,0.03
214,多头进场,2026-05-22 10:00,long,2136.87,0.9359,1999.896633,-17.44,-0.87,4.23,0.21,-22.73,-1.14,324.5,0.03
215,空头出场,2026-05-23 01:00,long,2128.69,0.9441,1999.830384,-9.87,-0.49,5.45,0.27,-10.46,-0.52,314.64,0.03
215,空头进场,2026-05-22 22:00,short,2118.24,0.9441,1999.830384,-9.87,-0.49,5.45,0.27,-10.46,-0.52,314.64,0.03
216,多头出场,2026-05-23 02:00,short,2118.63,0.9395,1999.904255,-9.45,-0.47,1.23,0.06,-12.82,-0.64,305.19,0.03
216,多头进场,2026-05-23 01:00,long,2128.69,0.9395,1999.904255,-9.45,-0.47,1.23,0.06,-12.82,-0.64,305.19,0.03
217,空头出场,2026-05-25 20:05,开盘价,2114.34,0.944,1999.98672,4.05,0.20,103.21,5.16,-29.57,-1.48,309.24,0.03
217,空头进场,2026-05-23 02:00,short,2118.63,0.944,1999.98672,4.05,0.20,103.21,5.16,-29.57,-1.48,309.24,0.03